Scenario,Time,Variable,Value
调整时间 -20%,0.0,库存,100.0
调整时间 -20%,1.0,库存,127.77490019798279
调整时间 -20%,2.0,库存,147.83534958588655
调整时间 -20%,3.0,库存,162.3240291770332
调整时间 -20%,4.0,库存,172.78849247173335
调整时间 -20%,5.0,库存,180.34646153007597
调整时间 -20%,6.0,库存,185.80521222546952
调整时间 -20%,7.0,库存,189.74780036316082
调整时间 -20%,8.0,库存,192.5953385803909
调整时间 -20%,9.0,库存,194.65197589968585
调整时间 -20%,10.0,库存,196.13738425611217
调整时间 -20%,11.0,库存,197.21022192400858
调整时间 -20%,12.0,库存,197.98508000036043
调整时间 -20%,13.0,库存,198.5447220193295
调整时间 -20%,14.0,库存,198.94892402606396
调整时间 -20%,15.0,库存,199.24085932882969
调整时间 -20%,16.0,库存,199.45170989260956
调整时间 -20%,17.0,库存,199.60399692273268
调整时间 -20%,18.0,库存,199.7139863822246
调整时间 -20%,19.0,库存,199.79342637911435
调整时间 -20%,20.0,库存,199.8508019961507
调整时间 -20%,21.0,库存,199.8922415928172
调整时间 -20%,22.0,库存,199.92217138286713
调整时间 -20%,23.0,库存,199.94378820360123
调整时间 -20%,24.0,库存,199.95940097395047
调整时间 -20%,25.0,库存,199.9706773129171
调整时间 -20%,26.0,库存,199.97882165998976
调整时间 -20%,27.0,库存,199.9847039227912
调整时间 -20%,28.0,库存,199.98895239297013
调整时间 -20%,29.0,库存,199.99202085479695
调整时间 -20%,30.0,库存,199.99423705441373
调整时间 -20%,31.0,库存,199.9958377067988
调整时间 -20%,32.0,库存,199.99699377958137
调整时间 -20%,33.0,库存,199.9978287543024
调整时间 -20%,34.0,库存,199.99843181562795
调整时间 -20%,35.0,库存,199.9988673772722
调整时间 -20%,36.0,库存,199.99918196210447
调整时间 -20%,37.0,库存,199.99940917131354
调整时间 -20%,38.0,库存,199.99957327339158
调整时间 -20%,39.0,库存,199.99969179628118
调整时间 -20%,40.0,库存,199.99977739955648
调整时间 -20%,41.0,库存,199.99983922660752
调整时间 -20%,42.0,库存,199.99988388125684
调整时间 -20%,43.0,库存,199.9999161331219
调整时间 -20%,44.0,库存,199.9999394270636
调整时间 -20%,45.0,库存,199.99995625113624
调整时间 -20%,46.0,库存,199.99996840233948
调整时间 -20%,47.0,库存,199.99997717855817
调整时间 -20%,48.0,库存,199.99998351719086
调整时间 -20%,49.0,库存,199.99998809527463
调整时间 -20%,50.0,库存,199.99999140180023
调整时间 -20%,51.0,库存,199.99999378994164
调整时间 -20%,52.0,库存,199.99999551477916
调整时间 -20%,53.0,库存,199.99999676054475
调整时间 -20%,54.0,库存,199.9999976603002
调整时间 -20%,55.0,库存,199.9999983101495
调整时间 -20%,56.0,库存,199.99999877950378
调整时间 -20%,57.0,库存,199.9999991184954
调整时间 -20%,58.0,库存,199.99999936333242
调整时间 -20%,59.0,库存,199.99999954016621
调整时间 -20%,60.0,库存,199.99999966788457
调整时间 -10%,0.0,库存,100.0
调整时间 -10%,1.0,库存,125.0158927695378
调整时间 -10%,2.0,库存,143.77383662850548
调整时间 -10%,3.0,库存,157.8393133659437
调整时间 -10%,4.0,库存,168.3861855252201
调整时间 -10%,5.0,库存,176.29466345459167
调整时间 -10%,6.0,库存,182.22476502544905
调整时间 -10%,7.0,库存,186.67139874621606
调整时间 -10%,8.0,库存,190.00566734354192
调整时间 -10%,9.0,库存,192.50583888391236
调整时间 -10%,10.0,库存,194.38057019268922
调整时间 -10%,11.0,库存,195.78632072754553
调整时间 -10%,12.0,库存,196.84041021599498
调整时间 -10%,13.0,库存,197.63080980831896
调整时间 -10%,14.0,库存,198.22348388617627
调整时间 -10%,15.0,库存,198.66789525224397
调整时间 -10%,16.0,库存,199.00113314752056
调整时间 -10%,17.0,库存,199.25100860824725
调整时间 -10%,18.0,库存,199.43837549166116
调整时间 -10%,19.0,库存,199.57887087643465
调整时间 -10%,20.0,库存,199.68422008640707
调整时间 -10%,21.0,库存,199.76321525097921
调整时间 -10%,22.0,库存,199.82244906988888
调整时间 -10%,23.0,库存,199.8668650201768
调整时间 -10%,24.0,库存,199.90016992396812
调整时间 -10%,25.0,库存,199.92514330874
调整时间 -10%,26.0,库存,199.9438693783564
调整时间 -10%,27.0,库存,199.95791095447763
调整时间 -10%,28.0,库存,199.96843990497322
调整时间 -10%,29.0,库存,199.9763349445031
调整时间 -10%,30.0,库存,199.98225496941006
调整时间 -10%,31.0,库存,199.98669404723435
调整时间 -10%,32.0,库存,199.99002265011015
调整时间 -10%,33.0,库存,199.99251857325984
调整时间 -10%,34.0,库存,199.99439011895078
调整时间 -10%,35.0,库存,199.99579348077853
调整时间 -10%,36.0,库存,199.99684577911628
调整时间 -10%,37.0,库存,199.99763483563024
调整时间 -10%,38.0,库存,199.9982265026128
调整时间 -10%,39.0,库存,199.99867015881745
调整时间 -10%,40.0,库存,199.9990028304617
调整时间 -10%,41.0,库存,199.99925228132412
调整时间 -10%,42.0,库存,199.9994393298263
调整时间 -10%,43.0,库存,199.99957958647573
调整时间 -10%,44.0,库存,199.99968475667214
调整时间 -10%,45.0,库存,199.99976361760503
调整时间 -10%,46.0,库存,199.99982275077147
调整时间 -10%,47.0,库存,199.9998670912484
调整时间 -10%,48.0,库存,199.9999003395592
调整时间 -10%,49.0,库存,199.9999252705082
调整时间 -10%,50.0,库存,199.9999439647577
调整时间 -10%,51.0,库存,199.99995798247383
调整时间 -10%,52.0,库存,199.99996849353312
调整时间 -10%,53.0,库存,199.99997637515708
调整时间 -10%,54.0,库存,199.99998228512246
调整时间 -10%,55.0,库存,199.99998671665722
调整时间 -10%,56.0,库存,199.999990039604
调整时间 -10%,57.0,库存,199.99999253128598
调整时间 -10%,58.0,库存,199.99999439965148
调整时间 -10%,59.0,库存,199.99999580062868
调整时间 -10%,60.0,库存,199.99999685113892
调整时间 +20%,0.0,库存,100.0
调整时间 +20%,1.0,库存,119.26150734041943
调整时间 +20%,2.0,库存,134.81295803058856
调整时间 +20%,3.0,库存,147.36896490452904
调整时间 +20%,4.0,库存,157.50649559278193
调整时间 +20%,5.0,库存,165.69138506337967
调整时间 +20%,6.0,库存,172.29974144779302
调整时间 +20%,7.0,库存,177.63522878214155
调整时间 +20%,8.0,库存,181.94302083193736
调整时间 +20%,9.0,库存,185.42106719985173
调整时间 +20%,10.0,库存,188.22918941130712
调整时间 +20%,11.0,库存,190.49642495687507
调整时间 +20%,12.0,库存,192.32695676140887
调整时间 +20%,13.0,库存,193.80490054804366
调整时间 +20%,14.0,库存,194.99817008372852
调整时间 +20%,15.0,库存,195.96159792020643
调整时间 +20%,16.0,库存,196.73945503324148
调整时间 +20%,17.0,库存,197.36748514135132
调整时间 +20%,18.0,库存,197.87454718408756
调整时间 +20%,19.0,库存,198.2839414342417
调整时间 +20%,20.0,库存,198.61448018085113
调整时间 +20%,21.0,库存,198.88135218251944
调整时间 +20%,22.0,库存,199.09682061399687
调整时间 +20%,23.0,库存,199.270786577729
调整时间 +20%,24.0,库存,199.41124407458705
调整时间 +20%,25.0,库存,199.52464734037764
调整时间 +20%,26.0,库存,199.6162074278037
调整时间 +20%,27.0,库存,199.69013166226927
调整时间 +20%,28.0,库存,199.7498169748869
调整时间 +20%,29.0,库存,199.79800599663352
调整时间 +20%,30.0,库存,199.83691308641914
调整时间 +20%,31.0,库存,199.8683260842498
调整时间 +20%,32.0,库存,199.89368846519744
调整时间 +20%,33.0,库存,199.91416566927717
调整时间 +20%,34.0,库存,199.93069865518993
调整时间 +20%,35.0,库存,199.94404713880752
调整时间 +20%,36.0,库存,199.95482450327327
调整时间 +20%,37.0,库存,199.96352598489136
调整时间 +20%,38.0,库存,199.97055142998883
调整时间 +20%,39.0,库存,199.97622366846318
调整时间 +20%,40.0,库存,199.98080334830743
调整时间 +20%,41.0,库存,199.98450091278232
调整时间 +20%,42.0,库存,199.98748627060445
调整时间 +20%,43.0,库存,199.98989660351054
调整时间 +20%,44.0,库存,199.991842669967
调整时间 +20%,45.0,库存,199.9934138946901
调整时间 +20%,46.0,库存,199.99468247784782
调整时间 +20%,47.0,库存,199.99570671276746
调整时间 +20%,48.0,库存,199.99653366460288
调整时间 +20%,49.0,库存,199.99720133304982
调整时间 +20%,50.0,库存,199.99774039848987
调整时间 +20%,51.0,库存,199.99817563180062
调整时间 +20%,52.0,库存,199.99852703261527
调整时间 +20%,53.0,库存,199.9988107483362
调整时间 +20%,54.0,库存,199.99903981613272
调整时间 +20%,55.0,库存,199.99922476201883
调整时间 +20%,56.0,库存,199.99937408453945
调整时间 +20%,57.0,库存,199.99949464529183
调整时间 +20%,58.0,库存,199.99959198422602
调整时间 +20%,59.0,库存,199.9996705742143
调整时间 +20%,60.0,库存,199.9997340265862
调整时间 +10%,0.0,库存,100.0
调整时间 +10%,1.0,库存,120.86261764639967
调整时间 +10%,2.0,库存,137.37274714220067
调整时间 +10%,3.0,库存,150.43843144836725
调整时间 +10%,4.0,库存,160.77827199485264
调整时间 +10%,5.0,库存,168.96095114287738
调整时间 +10%,6.0,库存,175.43650922701804
调整时间 +10%,7.0,库存,180.5610963875939
调整时间 +10%,8.0,库存,184.61656052290232
调整时间 +10%,9.0,库存,187.8259486818745
调整时间 +10%,10.0,库存,190.36577446045152
调整时间 +10%,11.0,库存,192.37572609795933
调整时间 +10%,12.0,库存,193.9663492104563
调整时间 +10%,13.0,库存,195.2251267047978
调整时间 +10%,14.0,库存,196.22129026347588
调整时间 +10%,15.0,库存,197.00962802777417
调整时间 +10%,16.0,库存,197.63349789854476
调整时间 +10%,17.0,库存,198.12721218356538
调整时间 +10%,18.0,库存,198.5179247450365
调整时间 +10%,19.0,库存,198.82712443871142
调整时间 +10%,20.0,库存,199.07181698253112
调整时间 +10%,21.0,库存,199.26546025652448
调整时间 +10%,22.0,库存,199.4187044746666
调整时间 +10%,23.0,库存,199.53997793751256
调整时间 +10%,24.0,库存,199.6359505814984
调整时间 +10%,25.0,库存,199.71190081972435
调整时间 +10%,26.0,库存,199.77200585014768
调整时间 +10%,27.0,库存,199.81957139788756
调整时间 +10%,28.0,库存,199.85721352727103
调整时间 +10%,29.0,库存,199.88700252312725
调整时间 +10%,30.0,库存,199.9105767546773
调整时间 +10%,31.0,库存,199.92923278443598
调整时间 +10%,32.0,库存,199.9439966780381
调整时间 +10%,33.0,库存,199.95568043696827
调整时间 +10%,34.0,库存,199.96492665794614
调整时间 +10%,35.0,库存,199.97224387519466
调整时间 +10%,36.0,库存,199.97803452938626
调整时间 +10%,37.0,库存,199.98261710153466
调整时间 +10%,38.0,库存,199.98624362917735
调整时间 +10%,39.0,库存,199.98911356822413
调整时间 +10%,40.0,库存,199.99138476286086
调整时间 +10%,41.0,库存,199.99318212684454
调整时间 +10%,42.0,库存,199.9946045136526
调整时间 +10%,43.0,库存,199.99573015333942
调整时间 +10%,44.0,库存,199.99662095512232
调整时间 +10%,45.0,库存,199.99732591233524
调整时间 +10%,46.0,库存,199.99788379702028
调整时间 +10%,47.0,库存,199.99832529235658
调整时间 +10%,48.0,库存,199.99867468020892
调整时间 +10%,49.0,库存,199.99895117660952
调整时间 +10%,50.0,库存,199.99916998862327
调整时间 +10%,51.0,库存,199.9993431507232
调整时间 +10%,52.0,库存,199.99948018667632
调整时间 +10%,53.0,库存,199.9995886333425
调整时间 +10%,54.0,库存,199.9996744551954
调整时间 +10%,55.0,库存,199.99974237236324
调整时间 +10%,56.0,库存,199.99979612023205
调整时间 +10%,57.0,库存,199.9998386548885
调整时间 +10%,58.0,库存,199.99987231570222
调整时间 +10%,59.0,库存,199.99989895398903
调整时间 +10%,60.0,库存,199.99992003483194
current,0.0,库存,100.0
current,1.0,库存,122.75238037109375
current,2.0,库存,140.32805261667818
current,3.0,库存,153.9048410601705
current,4.0,库存,164.39258695482073
current,5.0,库存,172.49412101116638
current,6.0,库存,178.75236322311855
current,7.0,库存,183.58670636246302
current,8.0,库存,187.32112136229998
current,9.0,库存,190.20586805673886
current,10.0,库存,192.43426621051643
current,11.0,库存,194.1556507401641
current,12.0,库存,195.48537931397718
current,13.0,库存,196.51256298477315
current,14.0,库存,197.30603791967988
current,15.0,库存,197.91897841924737
current,16.0,库存,198.39246036490474
current,17.0,库存,198.7582138972977
current,18.0,库存,199.0407497947799
current,19.0,库存,199.2590020501821
current,20.0,库存,199.42759672226666
current,21.0,库存,199.55783209327316
current,22.0,库存,199.65843581729058
current,23.0,库存,199.73614979935203
current,24.0,库存,199.79618200061336
current,25.0,库存,199.84255544709856
current,26.0,库存,199.87837783064828
current,27.0,库存,199.90604976923473
current,28.0,库存,199.92742568309794
current,29.0,库存,199.94393806773124
current,30.0,库存,199.9566934918044
current,31.0,库存,199.9665467532745
current,32.0,库存,199.97415816321598
current,33.0,库存,199.98003779621595
current,34.0,库存,199.98457967275135
current,35.0,库存,199.98808816426143
current,36.0,库存,199.99079839043785
current,37.0,库存,199.9928919756457
current,38.0,库存,199.99450922038366
current,39.0,库存,199.9957585034473
current,40.0,库存,199.99672354487637
current,41.0,库存,199.9974690164088
current,42.0,库存,199.99804487542258
current,43.0,库存,199.99848971280315
current,44.0,库存,199.99883333909088
current,45.0,库存,199.99909878221857
current,46.0,库存,199.99930383071617
current,47.0,库存,199.99946222579965
current,48.0,库存,199.99958458223125
current,49.0,库存,199.99967909966213
current,50.0,库存,199.99975211212762
current,51.0,库存,199.99980851251922
current,52.0,库存,199.99985208047917
current,53.0,库存,199.99988573569118
current,54.0,库存,199.99991173354132
current,55.0,库存,199.99993181626175
current,56.0,库存,199.99994732968523
current,57.0,库存,199.9999593134356
current,58.0,库存,199.99996857059747
current,59.0,库存,199.99997572153467
current,60.0,库存,199.99998124546346
